Accident_ID,Accident_Severity
19134,Slight Injury
4981,Serious Injury
16643,Fatal Injury
19117,Serious Injury
5306,Slight Injury
230,Serious Injury
3148,Slight Injury
11525,Serious Injury
13672,Slight Injury
1624,Serious Injury
13415,Slight Injury
18827,Slight Injury
18550,Slight Injury
5228,Serious Injury
4623,Slight Injury
3719,Serious Injury
11640,Serious Injury
2461,Slight Injury
2051,Slight Injury
15410,Slight Injury
13290,Serious Injury
6518,Fatal Injury
768,Slight Injury
19197,Slight Injury
16663,Serious Injury
17114,Serious Injury
4144,Serious Injury
18896,Serious Injury
16559,Slight Injury
7025,Serious Injury
12941,Slight Injury
5739,Fatal Injury
15512,Slight Injury
13294,Fatal Injury
3907,Slight Injury
14759,Serious Injury
17037,Slight Injury
5948,Slight Injury
18945,Slight Injury
15492,Serious Injury
13293,Serious Injury
4872,Slight Injury
11107,Slight Injury
13348,Serious Injury
19500,Slight Injury
2976,Serious Injury
51,Slight Injury
16571,Fatal Injury
134,Slight Injury
3319,Fatal Injury
13723,Serious Injury
10353,Slight Injury
17933,Slight Injury
12949,Slight Injury
13614,Serious Injury
3722,Serious Injury
10346,Serious Injury
19557,Serious Injury
18697,Slight Injury
9737,Serious Injury
6810,Slight Injury
10458,Slight Injury
2285,Fatal Injury
14894,Slight Injury
12052,Slight Injury
4773,Serious Injury
3706,Slight Injury
385,Serious Injury
7709,Serious Injury
5211,Serious Injury
10444,Fatal Injury
9601,Slight Injury
12047,Fatal Injury
1194,Slight Injury
16952,Serious Injury
10622,Serious Injury
15091,Serious Injury
12482,Slight Injury
2222,Serious Injury
15967,Slight Injury
2190,Slight Injury
19460,Serious Injury
5762,Serious Injury
6292,Slight Injury
3641,Serious Injury
13375,Slight Injury
18646,Slight Injury
17847,Slight Injury
2459,Serious Injury
12401,Serious Injury
13399,Serious Injury
11248,Serious Injury
16350,Slight Injury
17567,Serious Injury
12413,Serious Injury
19328,Serious Injury
12450,Slight Injury
3234,Fatal Injury
13012,Slight Injury
6670,Slight Injury
18044,Slight Injury
10133,Slight Injury
12179,Slight Injury
15314,Slight Injury
15431,Slight Injury
16326,Serious Injury
8967,Fatal Injury
18407,Serious Injury
5662,Serious Injury
12318,Serious Injury
6450,Serious Injury
12407,Serious Injury
1353,Slight Injury
4668,Fatal Injury
19288,Serious Injury
5370,Serious Injury
17063,Slight Injury
8422,Slight Injury
717,Serious Injury
7375,Serious Injury
17932,Serious Injury
3078,Serious Injury
1425,Serious Injury
15702,Slight Injury
6297,Slight Injury
15408,Serious Injury
2298,Serious Injury
8320,Fatal Injury
8332,Slight Injury
3012,Fatal Injury
15559,Serious Injury
5136,Serious Injury
6323,Slight Injury
7472,Slight Injury
15796,Slight Injury
8037,Slight Injury
6784,Slight Injury
19455,Slight Injury
9244,Serious Injury
12340,Serious Injury
14871,Serious Injury
10692,Slight Injury
4404,Serious Injury
18055,Fatal Injury
9757,Fatal Injury
11476,Serious Injury
17030,Slight Injury
12219,Fatal Injury
11946,Slight Injury
13667,Serious Injury
5960,Slight Injury
14830,Slight Injury
19143,Serious Injury
2906,Slight Injury
1438,Slight Injury
17703,Serious Injury
14485,Slight Injury
1133,Slight Injury
19506,Slight Injury
18481,Slight Injury
2272,Slight Injury
5487,Serious Injury
12126,Serious Injury
10335,Serious Injury
13944,Serious Injury
16066,Fatal Injury
4063,Serious Injury
12708,Slight Injury
2535,Serious Injury
74,Slight Injury
7292,Serious Injury
18917,Slight Injury
3665,Serious Injury
15334,Slight Injury
4749,Slight Injury
15442,Serious Injury
14758,Slight Injury
10510,Serious Injury
15005,Serious Injury
13904,Slight Injury
2310,Slight Injury
33,Slight Injury
6221,Slight Injury
1943,Slight Injury
295,Serious Injury
12532,Serious Injury
15493,Serious Injury
7027,Serious Injury
8330,Slight Injury
8867,Serious Injury
6192,Serious Injury
19205,Fatal Injury
12925,Slight Injury
14046,Fatal Injury
12020,Fatal Injury
15155,Slight Injury
9107,Slight Injury
15806,Serious Injury
2349,Slight Injury
15513,Slight Injury
9099,Slight Injury
6544,Serious Injury
4487,Slight Injury
5173,Serious Injury
11182,Serious Injury
3590,Serious Injury
13685,Slight Injury
15475,Slight Injury
5283,Slight Injury
18029,Slight Injury
1832,Slight Injury
13557,Serious Injury
9158,Serious Injury
9541,Serious Injury
1289,Serious Injury
15712,Slight Injury
13341,Serious Injury
18138,Serious Injury
11021,Fatal Injury
7572,Slight Injury
15205,Slight Injury
13328,Serious Injury
763,Slight Injury
11942,Slight Injury
13224,Serious Injury
1846,Slight Injury
5172,Slight Injury
2594,Slight Injury
6875,Fatal Injury
18096,Slight Injury
13843,Serious Injury
13358,Serious Injury
14380,Serious Injury
18135,Serious Injury
12869,Slight Injury
8496,Slight Injury
3331,Slight Injury
4604,Serious Injury
14690,Slight Injury
15957,Slight Injury
11711,Slight Injury
2017,Slight Injury
18367,Slight Injury
8910,Serious Injury
1514,Slight Injury
4480,Serious Injury
6085,Slight Injury
14370,Slight Injury
8634,Serious Injury
3514,Slight Injury
10319,Slight Injury
14053,Slight Injury
8822,Slight Injury
11659,Serious Injury
12899,Serious Injury
13975,Serious Injury
9196,Serious Injury
18785,Serious Injury
14174,Slight Injury
14529,Serious Injury
9211,Serious Injury
12520,Serious Injury
5738,Fatal Injury
11312,Serious Injury
9643,Fatal Injury
15934,Slight Injury
5274,Serious Injury
5987,Serious Injury
5677,Serious Injury
2895,Slight Injury
19327,Serious Injury
14252,Slight Injury
6245,Fatal Injury
2198,Slight Injury
3023,Slight Injury
15448,Serious Injury
1586,Serious Injury
12041,Fatal Injury
13087,Slight Injury
13170,Slight Injury
6232,Serious Injury
150,Slight Injury
17217,Fatal Injury
14942,Serious Injury
16851,Serious Injury
5069,Slight Injury
17250,Fatal Injury
15055,Serious Injury
17066,Serious Injury
886,Serious Injury
13980,Serious Injury
6017,Serious Injury
6358,Serious Injury
19719,Slight Injury
4018,Slight Injury
14918,Slight Injury
14747,Serious Injury
6029,Serious Injury
3284,Slight Injury
11014,Slight Injury
14961,Fatal Injury
11425,Slight Injury
11307,Slight Injury
9178,Slight Injury
7049,Serious Injury
18744,Serious Injury
11806,Serious Injury
7902,Slight Injury
8225,Slight Injury
15357,Slight Injury
14423,Slight Injury
5997,Serious Injury
16864,Slight Injury
19656,Serious Injury
14943,Slight Injury
12092,Fatal Injury
6443,Serious Injury
14817,Slight Injury
16113,Slight Injury
8103,Fatal Injury
19069,Fatal Injury
7417,Slight Injury
16115,Slight Injury
16342,Slight Injury
7218,Slight Injury
18014,Slight Injury
6549,Slight Injury
6023,Slight Injury
1424,Slight Injury
8274,Serious Injury
10854,Slight Injury
8770,Slight Injury
6086,Slight Injury
11982,Slight Injury
4413,Fatal Injury
15618,Slight Injury
1013,Serious Injury
11302,Slight Injury
5500,Serious Injury
3231,Fatal Injury
7109,Fatal Injury
17914,Slight Injury
11884,Slight Injury
443,Slight Injury
7530,Slight Injury
11612,Slight Injury
17414,Fatal Injury
10313,Slight Injury
18420,Slight Injury
12112,Fatal Injury
9261,Serious Injury
2336,Slight Injury
3652,Slight Injury
663,Serious Injury
8198,Slight Injury
17913,Slight Injury
257,Serious Injury
10427,Slight Injury
17289,Slight Injury
19802,Serious Injury
2124,Serious Injury
4100,Serious Injury
19964,Serious Injury
16977,Slight Injury
16443,Slight Injury
17383,Serious Injury
5818,Fatal Injury
10835,Slight Injury
9811,Slight Injury
11813,Slight Injury
15100,Serious Injury
15711,Fatal Injury
13755,Slight Injury
1557,Fatal Injury
12654,Fatal Injury
15943,Serious Injury
1569,Serious Injury
19610,Slight Injury
16888,Slight Injury
11152,Slight Injury
16682,Slight Injury
1921,Slight Injury
1751,Slight Injury
15786,Fatal Injury
3479,Serious Injury
12668,Serious Injury
11866,Slight Injury
14430,Serious Injury
6612,Slight Injury
5753,Serious Injury
1726,Slight Injury
624,Serious Injury
11547,Fatal Injury
1884,Fatal Injury
19163,Slight Injury
7864,Serious Injury
7618,Slight Injury
5993,Serious Injury
10422,Serious Injury
11519,Serious Injury
14814,Slight Injury
18052,Serious Injury
477,Slight Injury
2179,Serious Injury
11523,Serious Injury
439,Serious Injury
11330,Serious Injury
12901,Slight Injury
14354,Slight Injury
1150,Fatal Injury
5067,Serious Injury
15705,Slight Injury
13234,Serious Injury
3913,Slight Injury
5961,Serious Injury
2791,Slight Injury
10592,Slight Injury
3866,Slight Injury
9897,Slight Injury
7806,Serious Injury
14133,Serious Injury
7167,Slight Injury
18854,Serious Injury
17185,Serious Injury
17193,Fatal Injury
6809,Serious Injury
4036,Serious Injury
8631,Slight Injury
6203,Serious Injury
10357,Slight Injury
11703,Serious Injury
12567,Serious Injury
14679,Slight Injury
7490,Serious Injury
3033,Slight Injury
9788,Serious Injury
17032,Serious Injury
5174,Fatal Injury
17247,Slight Injury
4379,Slight Injury
1885,Serious Injury
12390,Serious Injury
1711,Slight Injury
575,Serious Injury
12273,Serious Injury
18661,Slight Injury
4025,Serious Injury
6260,Fatal Injury
4013,Slight Injury
6128,Slight Injury
5726,Fatal Injury
8925,Slight Injury
9149,Slight Injury
14795,Slight Injury
775,Serious Injury
4035,Serious Injury
15800,Slight Injury
308,Serious Injury
12431,Serious Injury
7674,Serious Injury
14992,Serious Injury
5078,Serious Injury
6072,Serious Injury
12860,Serious Injury
17571,Slight Injury
4008,Slight Injury
5507,Fatal Injury
13471,Serious Injury
6871,Serious Injury
11461,Slight Injury
3220,Fatal Injury
8928,Slight Injury
5023,Serious Injury
5318,Fatal Injury
6376,Slight Injury
12679,Serious Injury
6912,Slight Injury
4346,Fatal Injury
3375,Slight Injury
2291,Serious Injury
2728,Fatal Injury
10469,Fatal Injury
2814,Serious Injury
14572,Serious Injury
15917,Serious Injury
3374,Slight Injury
9412,Serious Injury
19521,Serious Injury
6526,Serious Injury
8351,Slight Injury
16441,Serious Injury
1437,Fatal Injury
13973,Serious Injury
12124,Serious Injury
15066,Serious Injury
4827,Serious Injury
1550,Serious Injury
3410,Fatal Injury
17277,Slight Injury
9454,Slight Injury
9045,Slight Injury
14718,Serious Injury
461,Serious Injury
17053,Slight Injury
6882,Slight Injury
17544,Serious Injury
15242,Slight Injury
13775,Slight Injury
18341,Slight Injury
1011,Slight Injury
7700,Slight Injury
4683,Serious Injury
4808,Serious Injury
6069,Serious Injury
16003,Slight Injury
2841,Slight Injury
845,Serious Injury
14716,Serious Injury
12981,Serious Injury
6052,Serious Injury
15252,Fatal Injury
17495,Serious Injury
8171,Slight Injury
6704,Fatal Injury
19196,Serious Injury
19953,Serious Injury
12523,Serious Injury
17594,Slight Injury
16886,Serious Injury
8087,Fatal Injury
9018,Serious Injury
12478,Slight Injury
1467,Serious Injury
12838,Slight Injury
10060,Slight Injury
7163,Slight Injury
9516,Serious Injury
3047,Fatal Injury
794,Slight Injury
19839,Serious Injury
11772,Serious Injury
2448,Serious Injury
7901,Slight Injury
5118,Slight Injury
7855,Slight Injury
13625,Slight Injury
8524,Serious Injury
15444,Slight Injury
17278,Serious Injury
664,Slight Injury
7740,Slight Injury
2656,Slight Injury
18521,Slight Injury
7381,Serious Injury
13166,Slight Injury
16461,Serious Injury
10673,Serious Injury
11467,Serious Injury
371,Serious Injury
7002,Serious Injury
913,Serious Injury
183,Slight Injury
12972,Serious Injury
17443,Fatal Injury
12493,Serious Injury
19605,Slight Injury
11415,Fatal Injury
14995,Slight Injury
9490,Serious Injury
19041,Slight Injury
18677,Slight Injury
4109,Serious Injury
6846,Fatal Injury
7564,Serious Injury
19105,Serious Injury
7588,Serious Injury
5329,Slight Injury
19063,Slight Injury
9498,Serious Injury
19325,Slight Injury
17638,Serious Injury
5218,Fatal Injury
19961,Fatal Injury
15648,Serious Injury
19366,Serious Injury
6681,Slight Injury
7059,Serious Injury
17745,Slight Injury
10573,Fatal Injury
10615,Slight Injury
4308,Slight Injury
8028,Slight Injury
19331,Slight Injury
4934,Serious Injury
17595,Slight Injury
8236,Slight Injury
10356,Serious Injury
18092,Serious Injury
19322,Slight Injury
16241,Slight Injury
15153,Serious Injury
5651,Serious Injury
13326,Fatal Injury
16426,Serious Injury
6304,Serious Injury
2750,Slight Injury
11109,Slight Injury
11967,Slight Injury
8252,Slight Injury
10406,Fatal Injury
12634,Fatal Injury
13271,Serious Injury
15268,Slight Injury
4477,Serious Injury
9258,Serious Injury
14456,Slight Injury
1957,Serious Injury
13222,Serious Injury
17288,Serious Injury
14742,Slight Injury
9081,Slight Injury
6456,Slight Injury
14442,Serious Injury
18853,Slight Injury
3618,Serious Injury
10420,Serious Injury
13041,Serious Injury
10436,Slight Injury
10428,Slight Injury
9493,Serious Injury
4135,Slight Injury
13911,Slight Injury
9874,Serious Injury
10231,Serious Injury
17431,Slight Injury
16140,Slight Injury
3515,Slight Injury
3940,Slight Injury
12759,Slight Injury
11320,Slight Injury
557,Serious Injury
11340,Fatal Injury
5031,Serious Injury
11812,Serious Injury
4595,Serious Injury
15245,Serious Injury
13914,Slight Injury
12392,Serious Injury
6285,Slight Injury
7320,Fatal Injury
791,Slight Injury
12346,Fatal Injury
5061,Fatal Injury
16759,Slight Injury
12196,Serious Injury
9122,Slight Injury
16336,Slight Injury
8772,Slight Injury
15296,Slight Injury
19120,Serious Injury
10797,Fatal Injury
18921,Serious Injury
18040,Slight Injury
7520,Serious Injury
3079,Slight Injury
17264,Serious Injury
3400,Slight Injury
2600,Serious Injury
8481,Slight Injury
10256,Slight Injury
208,Slight Injury
8050,Slight Injury
18674,Slight Injury
8676,Serious Injury
11710,Serious Injury
6475,Slight Injury
9907,Serious Injury
12350,Slight Injury
4658,Slight Injury
8700,Serious Injury
17666,Slight Injury
11907,Slight Injury
11931,Serious Injury
16656,Slight Injury
2539,Fatal Injury
9214,Slight Injury
14279,Serious Injury
11238,Fatal Injury
8709,Serious Injury
1343,Serious Injury
148,Slight Injury
16816,Serious Injury
12618,Serious Injury
2682,Serious Injury
6676,Slight Injury
10607,Serious Injury
3171,Slight Injury
10268,Slight Injury
8482,Slight Injury
5982,Serious Injury
12622,Serious Injury
5165,Serious Injury
4790,Serious Injury
8217,Serious Injury
15743,Slight Injury
19342,Slight Injury
13086,Serious Injury
752,Serious Injury
19139,Serious Injury
17460,Serious Injury
821,Slight Injury
772,Fatal Injury
9451,Serious Injury
19537,Slight Injury
12254,Serious Injury
18211,Serious Injury
7279,Slight Injury
11372,Fatal Injury
7321,Serious Injury
8356,Serious Injury
6602,Serious Injury
9585,Slight Injury
448,Slight Injury
17532,Fatal Injury
9825,Serious Injury
17506,Slight Injury
11937,Serious Injury
17166,Slight Injury
16,Slight Injury
10960,Slight Injury
14761,Slight Injury
5142,Serious Injury
12491,Serious Injury
1474,Slight Injury
3239,Serious Injury
17295,Serious Injury
18862,Fatal Injury
16725,Slight Injury
5962,Serious Injury
5921,Slight Injury
1191,Fatal Injury
2576,Serious Injury
7558,Slight Injury
2122,Serious Injury
1583,Serious Injury
2330,Serious Injury
7898,Serious Injury
5389,Slight Injury
12260,Slight Injury
13930,Fatal Injury
2337,Fatal Injury
5653,Slight Injury
9602,Serious Injury
10440,Slight Injury
1725,Slight Injury
1471,Slight Injury
17225,Slight Injury
19646,Serious Injury
11406,Slight Injury
6346,Slight Injury
15287,Slight Injury
9355,Serious Injury
12155,Serious Injury
2956,Slight Injury
10153,Slight Injury
13385,Fatal Injury
6752,Serious Injury
4390,Serious Injury
5759,Slight Injury
12034,Slight Injury
4253,Slight Injury
18515,Slight Injury
2400,Slight Injury
12093,Serious Injury
7690,Slight Injury
7535,Serious Injury
998,Serious Injury
2049,Serious Injury
9771,Fatal Injury
7609,Fatal Injury
1143,Serious Injury
12225,Fatal Injury
10584,Slight Injury
16090,Slight Injury
7455,Slight Injury
4202,Serious Injury
1476,Slight Injury
14565,Slight Injury
10098,Serious Injury
5242,Serious Injury
14290,Slight Injury
4823,Slight Injury
2156,Slight Injury
18813,Fatal Injury
8177,Serious Injury
11232,Serious Injury
1727,Serious Injury
12285,Slight Injury
13085,Serious Injury
9153,Serious Injury
4055,Serious Injury
3998,Slight Injury
4040,Fatal Injury
13092,Serious Injury
19291,Serious Injury
5540,Serious Injury
17919,Slight Injury
13337,Serious Injury
7749,Slight Injury
16223,Serious Injury
4663,Serious Injury
8545,Serious Injury
13998,Slight Injury
14740,Slight Injury
11733,Slight Injury
9348,Slight Injury
7825,Slight Injury
17081,Serious Injury
12566,Slight Injury
15484,Fatal Injury
2649,Slight Injury
13781,Slight Injury
8206,Serious Injury
4037,Slight Injury
449,Serious Injury
8359,Serious Injury
18185,Serious Injury
5344,Slight Injury
17523,Slight Injury
7653,Serious Injury
5044,Slight Injury
2118,Slight Injury
19174,Slight Injury
13028,Slight Injury
11949,Serious Injury
6973,Slight Injury
8081,Slight Injury
12934,Serious Injury
4367,Serious Injury
5315,Slight Injury
17186,Fatal Injury
17773,Serious Injury
7786,Serious Injury
11101,Fatal Injury
5854,Serious Injury
15280,Slight Injury
18414,Slight Injury
340,Slight Injury
14355,Slight Injury
1195,Fatal Injury
9513,Serious Injury
18645,Slight Injury
18974,Slight Injury
15562,Slight Injury
19624,Serious Injury
10597,Serious Injury
8208,Serious Injury
3578,Serious Injury
10758,Serious Injury
10241,Serious Injury
4388,Slight Injury
18439,Slight Injury
14483,Slight Injury
15653,Serious Injury
14200,Slight Injury
5094,Serious Injury
5721,Slight Injury
13275,Slight Injury
18731,Slight Injury
3253,Slight Injury
2619,Fatal Injury
48,Serious Injury
4617,Serious Injury
2158,Serious Injury
11747,Serious Injury
16727,Serious Injury
18936,Slight Injury
19880,Serious Injury
9475,Serious Injury
841,Serious Injury
6058,Slight Injury
16049,Fatal Injury
17728,Slight Injury
2759,Slight Injury
1295,Slight Injury
10704,Serious Injury
10929,Serious Injury
6738,Serious Injury
5749,Serious Injury
5668,Serious Injury
4672,Slight Injury
18866,Slight Injury
19871,Serious Injury
4429,Slight Injury
1985,Serious Injury
13576,Serious Injury
9574,Serious Injury
875,Serious Injury
10780,Slight Injury
5114,Slight Injury
10832,Serious Injury
8406,Slight Injury
6178,Slight Injury
19954,Fatal Injury
6946,Slight Injury
11572,Serious Injury
18632,Serious Injury
5431,Serious Injury
18186,Slight Injury
3505,Slight Injury
9208,Slight Injury
5212,Serious Injury
14484,Slight Injury
2011,Slight Injury
4843,Serious Injury
1724,Slight Injury
10273,Slight Injury
4615,Slight Injury
8064,Slight Injury
9862,Serious Injury
3101,Serious Injury
15770,Slight Injury
1190,Slight Injury
10766,Slight Injury
7280,Serious Injury
6229,Slight Injury
3814,Slight Injury
4741,Slight Injury
3465,Slight Injury
3895,Slight Injury
14509,Slight Injury
6631,Slight Injury
9529,Serious Injury
9194,Serious Injury
10054,Slight Injury
3599,Slight Injury
14422,Serious Injury
2574,Slight Injury
11126,Slight Injury
1829,Serious Injury
15988,Slight Injury
13462,Fatal Injury
17467,Serious Injury
4692,Slight Injury
16330,Serious Injury
7745,Slight Injury
2450,Slight Injury
19254,Serious Injury
14408,Slight Injury
7325,Slight Injury
15759,Serious Injury
10089,Serious Injury
19386,Slight Injury
11076,Fatal Injury
5270,Serious Injury
4247,Slight Injury
10339,Serious Injury
14237,Slight Injury
7934,Serious Injury
15807,Slight Injury
3268,Slight Injury
8369,Fatal Injury
13168,Serious Injury
2531,Serious Injury
11524,Serious Injury
2703,Serious Injury
9616,Serious Injury
2997,Serious Injury
19751,Serious Injury
15284,Fatal Injury
10962,Serious Injury
591,Serious Injury
888,Fatal Injury
4339,Slight Injury
3474,Slight Injury
18665,Serious Injury
5543,Serious Injury
16345,Serious Injury
13631,Serious Injury
13223,Slight Injury
11901,Serious Injury
6803,Serious Injury
12084,Slight Injury
14275,Slight Injury
15510,Serious Injury
390,Serious Injury
12885,Slight Injury
10663,Slight Injury
16519,Serious Injury
641,Slight Injury
19216,Slight Injury
9341,Slight Injury
10702,Fatal Injury
4313,Serious Injury
13974,Fatal Injury
11485,Serious Injury
17378,Serious Injury
2181,Slight Injury
18598,Serious Injury
7406,Slight Injury
6680,Serious Injury
6269,Slight Injury
3309,Serious Injury
12840,Serious Injury
9011,Serious Injury
16128,Slight Injury
12809,Serious Injury
13757,Slight Injury
10603,Serious Injury
6542,Slight Injury
619,Serious Injury
220,Serious Injury
214,Serious Injury
10686,Fatal Injury
17635,Fatal Injury
11207,Slight Injury
19436,Fatal Injury
18358,Serious Injury
12512,Serious Injury
9758,Slight Injury
10635,Serious Injury
19433,Slight Injury
1691,Serious Injury
18771,Slight Injury
9118,Serious Injury
8388,Slight Injury
18212,Slight Injury
1086,Slight Injury
2438,Slight Injury
17981,Slight Injury
5499,Serious Injury
19115,Serious Injury
6662,Fatal Injury
3941,Slight Injury
9310,Slight Injury
8531,Fatal Injury
3198,Fatal Injury
9704,Slight Injury
15056,Serious Injury
19641,Slight Injury
11246,Slight Injury
4269,Serious Injury
3524,Slight Injury
18377,Serious Injury
17753,Serious Injury
2108,Serious Injury
13875,Serious Injury
6043,Serious Injury
8789,Slight Injury
17097,Fatal Injury
4431,Slight Injury
9879,Serious Injury
7972,Slight Injury
15775,Serious Injury
759,Serious Injury
1710,Slight Injury
14243,Slight Injury
8119,Serious Injury
14625,Serious Injury
10834,Serious Injury
3813,Slight Injury
16932,Fatal Injury
16923,Slight Injury
6944,Serious Injury
14171,Fatal Injury
3494,Slight Injury
19299,Serious Injury
7767,Fatal Injury
1490,Slight Injury
19746,Fatal Injury
4904,Slight Injury
4064,Slight Injury
17307,Slight Injury
16430,Serious Injury
3628,Serious Injury
7099,Slight Injury
11629,Slight Injury
14044,Serious Injury
3864,Slight Injury
14148,Serious Injury
17411,Slight Injury
13971,Fatal Injury
7675,Serious Injury
18581,Slight Injury
12515,Slight Injury
15931,Serious Injury
643,Fatal Injury
14975,Slight Injury
1707,Slight Injury
4840,Fatal Injury
18335,Slight Injury
14180,Slight Injury
12582,Slight Injury
45,Serious Injury
8470,Slight Injury
14063,Slight Injury
12503,Slight Injury
13093,Serious Injury
14978,Slight Injury
3550,Slight Injury
10095,Slight Injury
8705,Slight Injury
7723,Serious Injury
3176,Serious Injury
19333,Slight Injury
7005,Slight Injury
4069,Serious Injury
7938,Serious Injury
12156,Slight Injury
15849,Slight Injury
18281,Serious Injury
881,Serious Injury
9126,Slight Injury
7703,Slight Injury
2862,Serious Injury
15078,Serious Injury
1805,Serious Injury
4750,Slight Injury
14779,Serious Injury
8766,Serious Injury
9004,Serious Injury
3911,Slight Injury
17665,Serious Injury
2140,Slight Injury
4721,Slight Injury
9352,Slight Injury
17422,Slight Injury
12006,Slight Injury
18652,Serious Injury
16679,Slight Injury
3860,Fatal Injury
6496,Serious Injury
10489,Slight Injury
15815,Slight Injury
12894,Serious Injury
3960,Fatal Injury
2685,Serious Injury
14841,Slight Injury
18648,Slight Injury
6718,Serious Injury
12386,Serious Injury
13519,Slight Injury
7448,Slight Injury
4422,Slight Injury
1340,Slight Injury
12921,Slight Injury
809,Serious Injury
13016,Slight Injury
8847,Serious Injury
5788,Serious Injury
5419,Slight Injury
1018,Slight Injury
2332,Serious Injury
11609,Fatal Injury
9080,Slight Injury
6152,Serious Injury
5036,Slight Injury
5874,Serious Injury
2569,Slight Injury
18718,Slight Injury
19229,Slight Injury
8196,Slight Injury
4693,Slight Injury
3923,Slight Injury
15518,Slight Injury
7491,Slight Injury
13298,Serious Injury
651,Slight Injury
9963,Slight Injury
142,Slight Injury
7735,Slight Injury
10517,Slight Injury
10462,Serious Injury
4866,Serious Injury
13546,Serious Injury
5991,Slight Injury
12866,Serious Injury
8981,Serious Injury
14124,Serious Injury
18505,Slight Injury
8316,Slight Injury
10367,Slight Injury
3061,Serious Injury
14908,Serious Injury
15762,Fatal Injury
11087,Fatal Injury
8445,Slight Injury
4769,Serious Injury
18336,Serious Injury
10776,Slight Injury
1088,Slight Injury
5179,Serious Injury
13482,Slight Injury
499,Slight Injury
16672,Serious Injury
6863,Serious Injury
14197,Serious Injury
7598,Slight Injury
17816,Slight Injury
5492,Serious Injury
9141,Serious Injury
3861,Slight Injury
11953,Serious Injury
5280,Slight Injury
8919,Fatal Injury
11411,Serious Injury
19935,Fatal Injury
4439,Serious Injury
17019,Fatal Injury
6866,Serious Injury
4708,Serious Injury
11927,Serious Injury
1817,Slight Injury
6557,Slight Injury
11837,Slight Injury
5155,Slight Injury
17496,Slight Injury
1157,Slight Injury
1559,Slight Injury
8465,Slight Injury
4926,Slight Injury
629,Serious Injury
15942,Serious Injury
2201,Slight Injury
4139,Slight Injury
15952,Slight Injury
18245,Slight Injury
9173,Slight Injury
2420,Slight Injury
17939,Fatal Injury
16596,Slight Injury
2157,Fatal Injury
9977,Slight Injury
15856,Serious Injury
14238,Serious Injury
4516,Serious Injury
15819,Slight Injury
8507,Fatal Injury
5501,Slight Injury
2808,Serious Injury
3684,Slight Injury
13605,Serious Injury
10982,Slight Injury
13756,Slight Injury
2226,Serious Injury
12467,Serious Injury
1752,Serious Injury
19136,Slight Injury
11796,Slight Injury
16858,Slight Injury
12471,Slight Injury
18255,Serious Injury
19876,Serious Injury
1416,Fatal Injury
18746,Slight Injury
19776,Serious Injury
2549,Slight Injury
10177,Fatal Injury
4293,Serious Injury
7298,Fatal Injury
11738,Slight Injury
11430,Serious Injury
7985,Slight Injury
8343,Slight Injury
4655,Serious Injury
7884,Slight Injury
8679,Serious Injury
16664,Serious Injury
2414,Slight Injury
17737,Slight Injury
15203,Serious Injury
19528,Slight Injury
14186,Fatal Injury
5861,Serious Injury
1797,Slight Injury
12811,Slight Injury
9438,Slight Injury
6842,Slight Injury
2972,Slight Injury
17330,Slight Injury
14838,Slight Injury
14714,Serious Injury
9135,Serious Injury
18403,Slight Injury
18366,Serious Injury
17517,Serious Injury
19895,Fatal Injury
14145,Serious Injury
11057,Slight Injury
693,Slight Injury
18479,Slight Injury
830,Serious Injury
14502,Slight Injury
19575,Serious Injury
14512,Serious Injury
14397,Serious Injury
397,Serious Injury
18284,Slight Injury
11441,Serious Injury
14460,Serious Injury
18010,Serious Injury
17261,Fatal Injury
14152,Slight Injury
17171,Fatal Injury
5464,Serious Injury
6930,Serious Injury
221,Serious Injury
17286,Serious Injury
14896,Serious Injury
14284,Slight Injury
12311,Fatal Injury
18239,Serious Injury
12141,Serious Injury
7429,Serious Injury
16912,Serious Injury
13353,Serious Injury
13556,Serious Injury
4011,Slight Injury
19304,Slight Injury
17578,Serious Injury
1523,Slight Injury
15109,Slight Injury
17109,Slight Injury
431,Serious Injury
10923,Slight Injury
12561,Fatal Injury
13453,Serious Injury
13527,Serious Injury
6926,Slight Injury
12798,Slight Injury
17527,Serious Injury
18208,Slight Injury
10872,Slight Injury
4401,Serious Injury
18256,Serious Injury
11541,Serious Injury
11144,Serious Injury
2606,Serious Injury
17429,Slight Injury
16092,Slight Injury
11065,Serious Injury
12173,Serious Injury
16840,Slight Injury
4057,Fatal Injury
15616,Serious Injury
7029,Serious Injury
18276,Serious Injury
3645,Slight Injury
7575,Slight Injury
9199,Slight Injury
3858,Serious Injury
2092,Serious Injury
19934,Slight Injury
7068,Serious Injury
15930,Slight Injury
5002,Serious Injury
18449,Serious Injury
1029,Slight Injury
4653,Serious Injury
1909,Serious Injury
14009,Slight Injury
17632,Serious Injury
807,Slight Injury
10485,Serious Injury
16147,Serious Injury
12244,Slight Injury
2383,Slight Injury
15157,Slight Injury
19588,Serious Injury
992,Slight Injury
10472,Slight Injury
19573,Slight Injury
9819,Slight Injury
2371,Fatal Injury
1002,Slight Injury
16265,Serious Injury
9854,Serious Injury
6711,Serious Injury
10906,Serious Injury
8747,Serious Injury
61,Slight Injury
1640,Serious Injury
19592,Slight Injury
10589,Slight Injury
17626,Serious Injury
2223,Slight Injury
11971,Serious Injury
1831,Serious Injury
10699,Slight Injury
10696,Serious Injury
413,Slight Injury
6033,Slight Injury
16388,Serious Injury
19926,Serious Injury
12207,Slight Injury
12216,Fatal Injury
3882,Slight Injury
11200,Slight Injury
1229,Slight Injury
5814,Slight Injury
16056,Serious Injury
4453,Slight Injury
11033,Serious Injury
8522,Slight Injury
12400,Serious Injury
6910,Serious Injury
13083,Slight Injury
19364,Serious Injury
930,Fatal Injury
1469,Serious Injury
19330,Serious Injury
3488,Serious Injury
16899,Serious Injury
13267,Fatal Injury
5423,Serious Injury
3807,Fatal Injury
19247,Slight Injury
4755,Slight Injury
16885,Slight Injury
19130,Slight Injury
17249,Slight Injury
12414,Slight Injury
1499,Slight Injury
19193,Slight Injury
18473,Serious Injury
5469,Slight Injury
17516,Serious Injury
5476,Slight Injury
4359,Fatal Injury
11621,Serious Injury
16916,Slight Injury
5727,Slight Injury
11838,Slight Injury
13712,Slight Injury
17188,Serious Injury
12615,Serious Injury
16772,Slight Injury
2212,Slight Injury
5560,Serious Injury
19217,Slight Injury
14641,Slight Injury
1893,Slight Injury
8112,Slight Injury
18296,Serious Injury
8964,Serious Injury
15642,Slight Injury
3634,Slight Injury
13109,Serious Injury
1180,Slight Injury
17024,Serious Injury
8088,Slight Injury
8703,Serious Injury
15266,Serious Injury
15734,Serious Injury
6586,Slight Injury
4534,Slight Injury
10529,Serious Injury
12032,Serious Injury
196,Slight Injury
19016,Serious Injury
5334,Slight Injury
9596,Serious Injury
10865,Serious Injury
16226,Serious Injury
15173,Serious Injury
3089,Slight Injury
15423,Serious Injury
4501,Serious Injury
2137,Serious Injury
9770,Serious Injury
9281,Fatal Injury
14388,Slight Injury
5897,Slight Injury
6774,Slight Injury
4694,Fatal Injury
19643,Serious Injury
19578,Slight Injury
18592,Serious Injury
6109,Serious Injury
14864,Slight Injury
11072,Slight Injury
2052,Slight Injury
15966,Slight Injury
1972,Slight Injury
7730,Serious Injury
19840,Slight Injury
17316,Fatal Injury
12962,Serious Injury
555,Slight Injury
292,Serious Injury
17291,Serious Injury
7798,Slight Injury
10604,Serious Injury
7182,Fatal Injury
6619,Slight Injury
13680,Fatal Injury
8381,Fatal Injury
3827,Serious Injury
8838,Slight Injury
8336,Slight Injury
16232,Slight Injury
9366,Slight Injury
17497,Serious Injury
7876,Serious Injury
7731,Slight Injury
18323,Serious Injury
19861,Serious Injury
3238,Serious Injury
17741,Serious Injury
14271,Slight Injury
12085,Slight Injury
19354,Serious Injury
7918,Serious Injury
17731,Serious Injury
10331,Serious Injury
14233,Serious Injury
9729,Slight Injury
13098,Slight Injury
13155,Fatal Injury
4149,Serious Injury
18384,Serious Injury
5815,Slight Injury
14082,Slight Injury
13082,Serious Injury
11206,Serious Injury
19950,Serious Injury
6275,Serious Injury
8881,Serious Injury
5148,Serious Injury
7994,Serious Injury
19305,Slight Injury
3949,Serious Injury
8148,Serious Injury
2980,Serious Injury
6999,Slight Injury
15619,Slight Injury
660,Slight Injury
5356,Slight Injury
593,Fatal Injury
4523,Serious Injury
11242,Serious Injury
9406,Slight Injury
4408,Serious Injury
17119,Serious Injury
4520,Slight Injury
18735,Serious Injury
15925,Serious Injury
12951,Slight Injury
7489,Serious Injury
13932,Serious Injury
8839,Serious Injury
3822,Serious Injury
7019,Slight Injury
11696,Fatal Injury
5380,Serious Injury
5951,Slight Injury
15243,Serious Injury
4206,Slight Injury
8693,Serious Injury
948,Slight Injury
7911,Fatal Injury
14268,Slight Injury
10783,Serious Injury
15217,Serious Injury
11562,Serious Injury
5617,Serious Injury
10842,Slight Injury
10025,Slight Injury
17304,Slight Injury
11011,Slight Injury
13612,Serious Injury
12,Slight Injury
3256,Serious Injury
3897,Serious Injury
11030,Serious Injury
4183,Serious Injury
16810,Slight Injury
5025,Slight Injury
10431,Serious Injury
129,Serious Injury
13524,Serious Injury
10666,Serious Injury
12749,Serious Injury
3318,Serious Injury
5813,Slight Injury
1461,Slight Injury
10118,Slight Injury
8143,Slight Injury
15386,Serious Injury
4936,Fatal Injury
3265,Fatal Injury
17338,Slight Injury
15704,Serious Injury
18655,Slight Injury
18,Serious Injury
12123,Slight Injury
9162,Slight Injury
11426,Serious Injury
3182,Serious Injury
3850,Serious Injury
8945,Fatal Injury
12050,Slight Injury
13526,Serious Injury
1647,Slight Injury
6366,Slight Injury
9012,Fatal Injury
13352,Serious Injury
15117,Serious Injury
3543,Serious Injury
3806,Serious Injury
11841,Serious Injury
2232,Serious Injury
2680,Slight Injury
13215,Slight Injury
2868,Fatal Injury
3048,Slight Injury
3516,Slight Injury
4244,Serious Injury
2778,Serious Injury
19270,Slight Injury
4022,Fatal Injury
3259,Slight Injury
15895,Slight Injury
15599,Serious Injury
6498,Serious Injury
12023,Serious Injury
2639,Serious Injury
4719,Serious Injury
4977,Slight Injury
18037,Serious Injury
5587,Serious Injury
14143,Slight Injury
18630,Slight Injury
7591,Serious Injury
1104,Slight Injury
6031,Slight Injury
5291,Serious Injury
4500,Serious Injury
14182,Slight Injury
16647,Slight Injury
19945,Fatal Injury
9298,Serious Injury
17690,Slight Injury
16844,Slight Injury
18588,Serious Injury
8297,Slight Injury
13578,Serious Injury
11222,Slight Injury
16637,Serious Injury
12594,Fatal Injury
12055,Slight Injury
7497,Serious Injury
7103,Fatal Injury
14778,Slight Injury
16842,Slight Injury
2008,Serious Injury
16863,Serious Injury
8089,Slight Injury
13040,Slight Injury
5880,Serious Injury
14917,Serious Injury
10941,Serious Injury
17598,Serious Injury
3894,Slight Injury
5521,Serious Injury
16010,Serious Injury
14224,Slight Injury
11362,Slight Injury
8501,Serious Injury
16626,Serious Injury
12713,Serious Injury
13864,Serious Injury
19989,Slight Injury
536,Slight Injury
3053,Fatal Injury
11233,Slight Injury
6307,Serious Injury
6644,Slight Injury
2436,Slight Injury
13125,Slight Injury
554,Slight Injury
17961,Serious Injury
19642,Slight Injury
16966,Fatal Injury
15750,Slight Injury
18411,Slight Injury
16692,Slight Injury
2585,Serious Injury
2763,Slight Injury
4288,Serious Injury
4266,Fatal Injury
11265,Serious Injury
17513,Serious Injury
6545,Fatal Injury
7887,Slight Injury
7833,Slight Injury
14928,Serious Injury
6147,Serious Injury
19404,Serious Injury
4166,Serious Injury
18457,Serious Injury
760,Slight Injury
7115,Fatal Injury
7781,Slight Injury
18396,Slight Injury
4610,Slight Injury
17227,Slight Injury
13991,Slight Injury
17891,Fatal Injury
17242,Slight Injury
17331,Serious Injury
5909,Fatal Injury
6734,Serious Injury
1694,Fatal Injury
15163,Serious Injury
16551,Serious Injury
7155,Slight Injury
15830,Serious Injury
8186,Slight Injury
8571,Slight Injury
9145,Slight Injury
12157,Serious Injury
18865,Serious Injury
14576,Serious Injury
13287,Slight Injury
11016,Serious Injury
4635,Serious Injury
7487,Slight Injury
13194,Slight Injury
8295,Slight Injury
13363,Serious Injury
7921,Fatal Injury
5911,Slight Injury
10662,Slight Injury
12068,Serious Injury
4462,Slight Injury
4608,Fatal Injury
14032,Slight Injury
618,Slight Injury
7210,Serious Injury
18229,Slight Injury
9176,Serious Injury
4476,Slight Injury
1984,Serious Injury
18045,Slight Injury
8633,Serious Injury
2818,Serious Injury
3051,Slight Injury
17164,Serious Injury
9337,Slight Injury
7157,Serious Injury
10922,Slight Injury
11026,Serious Injury
437,Serious Injury
16463,Slight Injury
9362,Slight Injury
15089,Slight Injury
19722,Serious Injury
1651,Serious Injury
8218,Slight Injury
2892,Slight Injury
13472,Slight Injury
14743,Serious Injury
201,Serious Injury
16790,Serious Injury
7268,Fatal Injury
12288,Serious Injury
6146,Slight Injury
3281,Serious Injury
5439,Serious Injury
17659,Slight Injury
2154,Serious Injury
16489,Slight Injury
15049,Slight Injury
12775,Serious Injury
10077,Slight Injury
13369,Serious Injury
13792,Serious Injury
13074,Serious Injury
13949,Slight Injury
13976,Serious Injury
18898,Serious Injury
15975,Slight Injury
10997,Serious Injury
723,Slight Injury
4942,Slight Injury
16502,Serious Injury
10665,Serious Injury
17929,Serious Injury
14441,Slight Injury
12699,Serious Injury
9274,Serious Injury
18104,Serious Injury
8231,Serious Injury
3480,Slight Injury
8305,Slight Injury
342,Serious Injury
6005,Slight Injury
600,Serious Injury
2739,Slight Injury
18782,Slight Injury
13753,Slight Injury
275,Serious Injury
10017,Slight Injury
4700,Serious Injury
1541,Slight Injury
2817,Slight Injury
9759,Slight Injury
15372,Serious Injury
7815,Slight Injury
17931,Serious Injury
16667,Serious Injury
15672,Slight Injury
14417,Fatal Injury
19308,Serious Injury
6338,Serious Injury
2029,Slight Injury
17677,Slight Injury
15175,Slight Injury
321,Slight Injury
14530,Serious Injury
252,Fatal Injury
12698,Slight Injury
4986,Slight Injury
5670,Serious Injury
12217,Fatal Injury
13386,Slight Injury
10971,Slight Injury
10164,Slight Injury
19226,Slight Injury
212,Serious Injury
7436,Slight Injury
5010,Fatal Injury
6389,Slight Injury
18684,Slight Injury
5778,Serious Injury
816,Serious Injury
18303,Serious Injury
2724,Serious Injury
14341,Serious Injury
4819,Slight Injury
2255,Serious Injury
1460,Slight Injury
19032,Serious Injury
9846,Slight Injury
7925,Slight Injury
15857,Serious Injury
1057,Slight Injury
8987,Slight Injury
3549,Serious Injury
18760,Slight Injury
10925,Slight Injury
16648,Serious Injury
10896,Slight Injury
3144,Serious Injury
6287,Slight Injury
19820,Serious Injury
6693,Slight Injury
7449,Serious Injury
60,Slight Injury
2515,Serious Injury
16027,Slight Injury
10170,Serious Injury
4336,Serious Injury
11264,Serious Injury
16687,Serious Injury
10924,Serious Injury
787,Slight Injury
6722,Fatal Injury
18877,Serious Injury
9164,Slight Injury
18555,Slight Injury
14313,Slight Injury
3120,Slight Injury
16614,Slight Injury
7223,Slight Injury
15829,Serious Injury
88,Slight Injury
13883,Fatal Injury
11483,Serious Injury
10243,Slight Injury
7056,Slight Injury
10333,Serious Injury
13388,Serious Injury
2395,Serious Injury
14891,Slight Injury
4903,Serious Injury
11847,Slight Injury
94,Slight Injury
3883,Serious Injury
4632,Serious Injury
2466,Serious Injury
2839,Serious Injury
9806,Serious Injury
706,Serious Injury
1641,Serious Injury
12107,Slight Injury
11018,Slight Injury
3539,Slight Injury
6667,Slight Injury
8399,Slight Injury
17176,Serious Injury
17526,Serious Injury
644,Serious Injury
12489,Fatal Injury
18253,Serious Injury
16617,Fatal Injury
16784,Serious Injury
3503,Slight Injury
8251,Slight Injury
7624,Slight Injury
15023,Serious Injury
6220,Serious Injury
16661,Serious Injury
11154,Serious Injury
10627,Slight Injury
19177,Slight Injury
1540,Slight Injury
393,Slight Injury
18368,Serious Injury
16826,Serious Injury
15114,Fatal Injury
167,Slight Injury
15576,Fatal Injury
5333,Slight Injury
12115,Serious Injury
3020,Slight Injury
16506,Slight Injury
6237,Serious Injury
13075,Serious Injury
15105,Serious Injury
9478,Fatal Injury
19525,Fatal Injury
8594,Slight Injury
331,Serious Injury
13334,Slight Injury
16020,Slight Injury
15006,Serious Injury
18668,Slight Injury
4730,Slight Injury
7269,Fatal Injury
9925,Serious Injury
15142,Serious Injury
2607,Slight Injury
10991,Serious Injury
15457,Slight Injury
18737,Fatal Injury
1992,Slight Injury
15991,Slight Injury
19302,Serious Injury
1946,Slight Injury
6960,Serious Injury
7804,Fatal Injury
2462,Slight Injury
7737,Slight Injury
15554,Slight Injury
1657,Slight Injury
12614,Serious Injury
8156,Slight Injury
2055,Serious Injury
17997,Serious Injury
19157,Slight Injury
19315,Serious Injury
8557,Slight Injury
5293,Serious Injury
5523,Serious Injury
2084,Slight Injury
5913,Serious Injury
11449,Serious Injury
6289,Slight Injury
8402,Slight Injury
17948,Serious Injury
6823,Slight Injury
17854,Serious Injury
19004,Serious Injury
10671,Fatal Injury
14656,Slight Injury
15382,Slight Injury
13153,Serious Injury
18324,Serious Injury
1593,Slight Injury
14902,Serious Injury
5536,Slight Injury
16047,Fatal Injury
10391,Serious Injury
18808,Slight Injury
2080,Serious Injury
15039,Serious Injury
16498,Serious Injury
14745,Serious Injury
2959,Serious Injury
14305,Serious Injury
10074,Slight Injury
4502,Serious Injury
4048,Serious Injury
4066,Serious Injury
5503,Slight Injury
346,Serious Injury
952,Serious Injury
11413,Slight Injury
17964,Serious Injury
11632,Serious Injury
10869,Slight Injury
9179,Serious Injury
8871,Serious Injury
4794,Slight Injury
15427,Serious Injury
11604,Slight Injury
3681,Serious Injury
6446,Slight Injury
12514,Serious Injury
8003,Slight Injury
272,Serious Injury
16705,Slight Injury
14452,Serious Injury
3580,Serious Injury
19234,Slight Injury
9093,Slight Injury
4630,Serious Injury
18388,Slight Injury
5243,Slight Injury
13807,Fatal Injury
11565,Serious Injury
13950,Slight Injury
3492,Serious Injury
2169,Serious Injury
17478,Fatal Injury
6674,Serious Injury
14170,Slight Injury
8,Slight Injury
13658,Serious Injury
8917,Slight Injury
18828,Slight Injury
12958,Serious Injury
5953,Slight Injury
8449,Serious Injury
14040,Serious Injury
9227,Slight Injury
9038,Slight Injury
11899,Slight Injury
6606,Slight Injury
18077,Slight Injury
6278,Serious Injury
19637,Serious Injury
11626,Slight Injury
9856,Serious Injury
1301,Slight Injury
12362,Slight Injury
8690,Slight Injury
8164,Slight Injury
9918,Serious Injury
9236,Slight Injury
11132,Serious Injury
2054,Slight Injury
15057,Slight Injury
12255,Slight Injury
4396,Slight Injury
11110,Serious Injury
914,Slight Injury
1670,Slight Injury
3873,Serious Injury
12621,Fatal Injury
8588,Serious Injury
4326,Serious Injury
19798,Slight Injury
9934,Serious Injury
5407,Serious Injury
17297,Slight Injury
10234,Slight Injury
4800,Slight Injury
11160,Serious Injury
811,Serious Injury
865,Slight Injury
17451,Slight Injury
16059,Serious Injury
6073,Slight Injury
12289,Slight Injury
6891,Fatal Injury
3601,Serious Injury
16896,Slight Injury
6028,Slight Injury
10388,Serious Injury
9631,Serious Injury
6520,Slight Injury
18194,Serious Injury
14619,Serious Injury
9636,Fatal Injury
13910,Slight Injury
13221,Slight Injury
5918,Serious Injury
18316,Fatal Injury
8842,Serious Injury
7760,Serious Injury
12354,Serious Injury
16355,Fatal Injury
19451,Serious Injury
14604,Serious Injury
8595,Slight Injury
11127,Slight Injury
3630,Serious Injury
1801,Fatal Injury
2670,Serious Injury
8779,Slight Injury
9203,Slight Injury
1001,Serious Injury
479,Slight Injury
1050,Slight Injury
1561,Slight Injury
2777,Slight Injury
13302,Serious Injury
1418,Serious Injury
5855,Slight Injury
47,Serious Injury
17255,Serious Injury
565,Slight Injury
19667,Serious Injury
1821,Serious Injury
7583,Serious Injury
12751,Slight Injury
19986,Serious Injury
10116,Fatal Injury
17951,Slight Injury
15548,Slight Injury
15383,Slight Injury
18966,Slight Injury
127,Slight Injury
8720,Fatal Injury
17132,Slight Injury
3585,Slight Injury
7352,Slight Injury
989,Serious Injury
4984,Serious Injury
18466,Slight Injury
2669,Serious Injury
16203,Slight Injury
10725,Fatal Injury
6133,Serious Injury
13265,Fatal Injury
5184,Slight Injury
9031,Serious Injury
11859,Slight Injury
11186,Serious Injury
17936,Slight Injury
12237,Slight Injury
6078,Fatal Injury
4239,Slight Injury
1648,Slight Injury
19250,Slight Injury
8879,Serious Injury
9535,Slight Injury
14634,Serious Injury
9521,Slight Injury
3073,Slight Injury
5053,Slight Injury
17013,Slight Injury
11031,Slight Injury
3695,Serious Injury
9843,Serious Injury
18477,Slight Injury
2901,Fatal Injury
14173,Serious Injury
7958,Slight Injury
3147,Slight Injury
14749,Slight Injury
12684,Slight Injury
12505,Slight Injury
8268,Serious Injury
3038,Slight Injury
15487,Serious Injury
2060,Serious Injury
2455,Serious Injury
1997,Fatal Injury
16910,Fatal Injury
17379,Slight Injury
11153,Slight Injury
19908,Slight Injury
6107,Slight Injury
7890,Serious Injury
19596,Slight Injury
5925,Serious Injury
1765,Slight Injury
13245,Slight Injury
6956,Fatal Injury
19780,Serious Injury
6286,Slight Injury
10649,Serious Injury
14362,Slight Injury
9507,Fatal Injury
17008,Serious Injury
2188,Serious Injury
18305,Fatal Injury
8668,Slight Injury
6377,Serious Injury
11969,Slight Injury
2393,Serious Injury
17052,Slight Injury
16870,Slight Injury
1362,Serious Injury
5475,Serious Injury
19077,Slight Injury
11880,Slight Injury
5828,Serious Injury
1977,Serious Injury
19345,Slight Injury
12420,Serious Injury
8190,Slight Injury
1274,Serious Injury
15451,Fatal Injury
13350,Slight Injury
12545,Slight Injury
1426,Fatal Injury
17028,Serious Injury
10875,Slight Injury
15922,Slight Injury
14524,Slight Injury
8380,Slight Injury
4236,Serious Injury
286,Slight Injury
12033,Slight Injury
18692,Serious Injury
4592,Serious Injury
19232,Slight Injury
2625,Serious Injury
8244,Slight Injury
9391,Serious Injury
9249,Serious Injury
1581,Serious Injury
8672,Slight Injury
1182,Serious Injury
11327,Serious Injury
14836,Slight Injury
18375,Slight Injury
1136,Slight Injury
17795,Serious Injury
9875,Serious Injury
17534,Slight Injury
7337,Fatal Injury
17029,Slight Injury
9382,Serious Injury
15871,Serious Injury
12328,Slight Injury
11410,Fatal Injury
19459,Serious Injury
8308,Serious Injury
12789,Serious Injury
6716,Slight Injury
10574,Slight Injury
10833,Serious Injury
12663,Serious Injury
14342,Slight Injury
10730,Serious Injury
5693,Serious Injury
17810,Serious Injury
1826,Serious Injury
12518,Fatal Injury
7104,Slight Injury
7355,Slight Injury
435,Slight Injury
15415,Slight Injury
156,Serious Injury
812,Serious Injury
11575,Serious Injury
1854,Slight Injury
3236,Slight Injury
4508,Fatal Injury
605,Serious Injury
15441,Serious Injury
10287,Serious Injury
3951,Slight Injury
2359,Slight Injury
16231,Serious Injury
17749,Serious Injury
251,Slight Injury
12722,Serious Injury
4297,Serious Injury
2183,Slight Injury
3439,Serious Injury
8122,Fatal Injury
7926,Slight Injury
17967,Slight Injury
19022,Slight Injury
8398,Serious Injury
19749,Slight Injury
17274,Serious Injury
6677,Fatal Injury
7235,Serious Injury
549,Slight Injury
5934,Slight Injury
2398,Fatal Injury
3481,Serious Injury
10482,Slight Injury
4435,Serious Injury
9803,Serious Injury
6433,Slight Injury
15902,Serious Injury
4637,Serious Injury
5427,Slight Injury
19817,Slight Injury
6805,Fatal Injury
10973,Serious Injury
16935,Serious Injury
579,Slight Injury
4217,Serious Injury
12358,Serious Injury
7772,Serious Injury
8542,Slight Injury
17521,Serious Injury
16361,Slight Injury
6701,Fatal Injury
15523,Slight Injury
19081,Fatal Injury
7899,Serious Injury
16557,Slight Injury
6137,Slight Injury
7814,Slight Injury
18957,Slight Injury
1543,Fatal Injury
19064,Slight Injury
1334,Serious Injury
19207,Serious Injury
19756,Serious Injury
3502,Slight Injury
11348,Serious Injury
15181,Slight Injury
12078,Slight Injury
18213,Slight Injury
8645,Serious Injury
11844,Slight Injury
13797,Slight Injury
13044,Serious Injury
5808,Slight Injury
3116,Slight Injury
2384,Serious Injury
16432,Slight Injury
6378,Slight Injury
7562,Slight Injury
505,Slight Injury
3416,Slight Injury
4860,Serious Injury
7342,Serious Injury
7488,Slight Injury
3336,Fatal Injury
18468,Slight Injury
14194,Slight Injury
3512,Serious Injury
5725,Slight Injury
9219,Slight Injury
6685,Serious Injury
14846,Slight Injury
3213,Serious Injury
12102,Serious Injury
8974,Slight Injury
16420,Slight Injury
10329,Serious Injury
16153,Slight Injury
18856,Slight Injury
2923,Fatal Injury
13048,Serious Injury
13863,Fatal Injury
15095,Slight Injury
16944,Slight Injury
14872,Serious Injury
5625,Fatal Injury
1060,Slight Injury
9171,Slight Injury
17078,Serious Injury
861,Serious Injury
12409,Serious Injury
16766,Serious Injury
18390,Slight Injury
17243,Serious Injury
486,Serious Injury
10644,Fatal Injury
2676,Slight Injury
69,Slight Injury
3856,Serious Injury
6786,Fatal Injury
12911,Serious Injury
2652,Serious Injury
13567,Slight Injury
13317,Fatal Injury
11389,Serious Injury
12540,Serious Injury
5101,Slight Injury
10064,Slight Injury
19597,Serious Injury
14793,Slight Injury
17840,Serious Injury
1237,Slight Injury
1145,Serious Injury
14689,Slight Injury
16474,Slight Injury
8840,Slight Injury
17385,Slight Injury
12913,Slight Injury
8614,Slight Injury
16199,Slight Injury
6969,Slight Injury
9942,Serious Injury
18344,Serious Injury
7863,Serious Injury
11720,Serious Injury
7847,Slight Injury
12377,Slight Injury
12022,Slight Injury
11854,Slight Injury
9087,Slight Injury
5527,Serious Injury
17770,Slight Injury
19854,Slight Injury
927,Serious Injury
15888,Serious Injury
9441,Slight Injury
10316,Serious Injury
12854,Slight Injury
17718,Slight Injury
12573,Serious Injury
14796,Slight Injury
7229,Slight Injury
4737,Slight Injury
19595,Fatal Injury
978,Serious Injury
15228,Slight Injury
14904,Slight Injury
9253,Slight Injury
1316,Slight Injury
779,Slight Injury
18445,Serious Injury
9235,Serious Injury
4536,Serious Injury
9945,Slight Injury
5296,Slight Injury
14436,Slight Injury
14344,Slight Injury
17481,Slight Injury
6259,Slight Injury
17011,Fatal Injury
10022,Serious Injury
4802,Serious Injury
10208,Serious Injury
16644,Serious Injury
12336,Serious Injury
1587,Serious Injury
1547,Slight Injury
10750,Slight Injury
8135,Serious Injury
9691,Serious Injury
7642,Serious Injury
7544,Slight Injury
8719,Serious Injury
9349,Slight Injury
12728,Serious Injury
8826,Serious Injury
15992,Fatal Injury
5823,Slight Injury
19400,Serious Injury
16394,Fatal Injury
4160,Slight Injury
13204,Slight Injury
15624,Slight Injury
4423,Serious Injury
7046,Slight Injury
17087,Slight Injury
9707,Serious Injury
16980,Slight Injury
9484,Slight Injury
2743,Serious Injury
6184,Slight Injury
4211,Fatal Injury
18637,Serious Injury
10227,Slight Injury
16302,Serious Injury
18883,Serious Injury
19571,Slight Injury
14596,Slight Injury
381,Slight Injury
5448,Slight Injury
18758,Serious Injury
4311,Slight Injury
2297,Serious Injury
11657,Fatal Injury
9715,Slight Injury
19202,Slight Injury
9193,Fatal Injury
10809,Slight Injury
4197,Slight Injury
10546,Slight Injury
1470,Slight Injury
7681,Slight Injury
7650,Fatal Injury
6585,Serious Injury
6591,Serious Injury
19590,Serious Injury
10719,Serious Injury
7256,Serious Injury
3657,Slight Injury
5105,Slight Injury
4896,Slight Injury
10694,Serious Injury
7184,Serious Injury
4643,Fatal Injury
16873,Slight Injury
10284,Serious Injury
16827,Slight Injury
1373,Fatal Injury
8510,Slight Injury
4411,Slight Injury
98,Slight Injury
19720,Serious Injury
6032,Serious Injury
261,Fatal Injury
19221,Serious Injury
8562,Slight Injury
610,Serious Injury
11083,Serious Injury
8698,Serious Injury
832,Slight Injury
7437,Serious Injury
995,Serious Injury
17349,Slight Injury
548,Fatal Injury
8116,Serious Injury
18942,Serious Injury
13134,Slight Injury
8788,Slight Injury
15801,Serious Injury
6658,Serious Injury
7204,Slight Injury
11582,Slight Injury
16572,Serious Injury
14446,Slight Injury
18463,Serious Injury
1156,Slight Injury
14780,Slight Injury
19519,Slight Injury
17785,Fatal Injury
11954,Serious Injury
18170,Serious Injury
2474,Slight Injury
3595,Slight Injury
4152,Serious Injury
10901,Slight Injury
7673,Serious Injury
18134,Slight Injury
19005,Slight Injury
6895,Serious Injury
10065,Serious Injury
16586,Slight Injury
18909,Serious Injury
7054,Serious Injury
3203,Fatal Injury
16339,Slight Injury
18662,Serious Injury
6082,Serious Injury
10019,Serious Injury
11201,Serious Injury
9459,Serious Injury
2200,Slight Injury
5284,Slight Injury
2214,Slight Injury
5679,Fatal Injury
18991,Slight Injury
9782,Serious Injury
2984,Serious Injury
4280,Serious Injury
12018,Slight Injury
3261,Serious Injury
14086,Slight Injury
11249,Serious Injury
4879,Slight Injury
4965,Serious Injury
6663,Slight Injury
17374,Slight Injury
9160,Serious Injury
7476,Serious Injury
3832,Serious Injury
16114,Slight Injury
9512,Fatal Injury
3487,Serious Injury
4688,Fatal Injury
11044,Slight Injury
3230,Serious Injury
1243,Serious Injury
829,Slight Injury
489,Serious Injury
1607,Serious Injury
8753,Slight Injury
13039,Serious Injury
16632,Serious Injury
3673,Slight Injury
4434,Serious Injury
4793,Slight Injury
4191,Serious Injury
1870,Serious Injury
5777,Serious Injury
10330,Fatal Injury
16962,Slight Injury
16950,Slight Injury
17778,Slight Injury
2907,Serious Injury
18121,Serious Injury
18483,Serious Injury
7851,Slight Injury
15654,Serious Injury
2711,Serious Injury
3193,Slight Injury
6351,Fatal Injury
15609,Slight Injury
19385,Serious Injury
3361,Slight Injury
5076,Fatal Injury
9563,Fatal Injury
1940,Slight Injury
6813,Serious Injury
9251,Slight Injury
11091,Slight Injury
11093,Serious Injury
12132,Slight Injury
4340,Slight Injury
13532,Slight Injury
9617,Slight Injury
8094,Slight Injury
15079,Fatal Injury
11862,Serious Injury
12280,Serious Injury
13851,Slight Injury
10126,Fatal Injury
19131,Slight Injury
5249,Slight Injury
1096,Serious Injury
7349,Slight Injury
6629,Slight Injury
18729,Slight Injury
17112,Slight Injury
9882,Slight Injury
5601,Slight Injury
11355,Slight Injury
15755,Serious Injury
15294,Slight Injury
6114,Serious Injury
5253,Serious Injury
3122,Slight Injury
2031,Serious Injury
4910,Serious Injury
5339,Fatal Injury
325,Slight Injury
15662,Serious Injury
19824,Slight Injury
14069,Serious Injury
6472,Serious Injury
13079,Serious Injury
7423,Serious Injury
17237,Fatal Injury
4254,Slight Injury
1746,Slight Injury
11730,Serious Injury
9858,Slight Injury
14766,Fatal Injury
18493,Serious Injury
3768,Slight Injury
5942,Slight Injury
5833,Serious Injury
19878,Serious Injury
18338,Fatal Injury
14500,Serious Injury
16141,Serious Injury
16323,Slight Injury
8430,Serious Injury
11035,Serious Injury
13440,Slight Injury
5957,Fatal Injury
17864,Slight Injury
9543,Slight Injury
1524,Slight Injury
14149,Slight Injury
19231,Slight Injury
876,Serious Injury
19449,Serious Injury
5551,Fatal Injury
1281,Slight Injury
1090,Serious Injury
10618,Slight Injury
17418,Slight Injury
15249,Slight Injury
16414,Slight Injury
657,Slight Injury
13661,Serious Injury
15238,Serious Injury
17187,Slight Injury
14660,Serious Injury
7261,Serious Injury
9101,Serious Injury
10351,Serious Injury
379,Serious Injury
6550,Slight Injury
17116,Slight Injury
11422,Slight Injury
2176,Slight Injury
17282,Serious Injury
254,Slight Injury
14463,Slight Injury
5016,Serious Injury
14112,Slight Injury
11722,Slight Injury
3928,Serious Injury
1881,Slight Injury
18836,Slight Injury
2185,Slight Injury
10734,Fatal Injury
13978,Serious Injury
12422,Slight Injury
12896,Serious Injury
19614,Serious Injury
10152,Slight Injury
278,Slight Injury
58,Slight Injury
3197,Fatal Injury
13869,Fatal Injury
5775,Serious Injury
10689,Slight Injury
9061,Serious Injury
6978,Serious Injury
3093,Serious Injury
11142,Slight Injury
12210,Slight Injury
5378,Slight Injury
10474,Serious Injury
12721,Serious Injury
16381,Serious Injury
14788,Serious Injury
2094,Slight Injury
18710,Serious Injury
15869,Fatal Injury
16303,Serious Injury
9594,Serious Injury
16789,Slight Injury
3151,Serious Injury
11074,Serious Injury
7441,Slight Injury
17448,Slight Injury
18904,Slight Injury
16633,Slight Injury
1392,Slight Injury
16122,Serious Injury
17670,Slight Injury
2192,Serious Injury
503,Fatal Injury
16160,Serious Injury
3382,Slight Injury
2967,Serious Injury
7746,Serious Injury
3709,Serious Injury
5463,Slight Injury
16408,Serious Injury
10984,Serious Injury
380,Slight Injury
8924,Serious Injury
3675,Serious Injury
14101,Slight Injury
1377,Slight Injury
11860,Fatal Injury
17732,Slight Injury
12704,Slight Injury
5047,Slight Injury
7559,Slight Injury
13898,Serious Injury
8357,Slight Injury
7584,Slight Injury
2782,Slight Injury
16581,Serious Injury
11876,Slight Injury
6459,Slight Injury
14122,Fatal Injury
9184,Fatal Injury
406,Serious Injury
11369,Slight Injury
394,Serious Injury
11457,Slight Injury
10435,Serious Injury
13343,Slight Injury
19918,Serious Injury
3629,Serious Injury
2028,Serious Injury
2244,Slight Injury
12565,Serious Injury
14403,Serious Injury
16028,Slight Injury
19795,Fatal Injury
12153,Serious Injury
5307,Serious Injury
8337,Serious Injury
18111,Serious Injury
1754,Slight Injury
13535,Serious Injury
3972,Serious Injury
2702,Slight Injury
654,Slight Injury
13205,Serious Injury
11343,Slight Injury
10450,Slight Injury
15420,Serious Injury
13681,Slight Injury
4495,Serious Injury
13291,Fatal Injury
6706,Fatal Injury
7153,Slight Injury
1284,Fatal Injury
7362,Serious Injury
13508,Slight Injury
463,Serious Injury
13783,Serious Injury
15011,Serious Injury
9332,Fatal Injury
12608,Slight Injury
1645,Serious Injury
15754,Serious Injury
4114,Fatal Injury
18739,Slight Injury
19556,Serious Injury
14510,Slight Injury
11241,Serious Injury
15730,Serious Injury
11951,Slight Injury
9486,Fatal Injury
7977,Slight Injury
16558,Fatal Injury
19476,Serious Injury
13878,Serious Injury
12807,Serious Injury
1336,Serious Injury
130,Serious Injury
8326,Slight Injury
5682,Serious Injury
701,Serious Injury
5863,Fatal Injury
11917,Serious Injury
6918,Serious Injury
8581,Slight Injury
18015,Slight Injury
16210,Slight Injury
17216,Fatal Injury
14377,Slight Injury
16435,Slight Injury
14492,Slight Injury
1383,Slight Injury
11947,Serious Injury
19491,Slight Injury
5331,Serious Injury
17832,Slight Injury
9331,Slight Injury
65,Serious Injury
5792,Serious Injury
4141,Slight Injury
14061,Slight Injury
1644,Slight Injury
12385,Slight Injury
16313,Serious Injury
13814,Serious Injury
11756,Serious Injury
10760,Serious Injury
8412,Slight Injury
16054,Slight Injury
14519,Serious Injury
19688,Slight Injury
5122,Serious Injury
18663,Slight Injury
17566,Slight Injury
1889,Slight Injury
17886,Slight Injury
7071,Serious Injury
9792,Fatal Injury
12460,Serious Injury
8455,Slight Injury
9075,Slight Injury
2043,Slight Injury
19269,Slight Injury
18200,Serious Injury
8328,Slight Injury
19534,Slight Injury
4857,Fatal Injury
17197,Fatal Injury
3181,Serious Injury
4034,Slight Injury
15222,Slight Injury
14166,Slight Injury
974,Slight Injury
11098,Serious Injury
16479,Slight Injury
17792,Serious Injury
11185,Slight Injury
7587,Serious Injury
9992,Serious Injury
8327,Slight Injury
578,Slight Injury
12291,Serious Injury
19233,Serious Injury
15673,Slight Injury
16946,Serious Injury
2910,Serious Injury
15574,Slight Injury
16588,Slight Injury
5590,Serious Injury
14845,Slight Injury
17474,Serious Injury
4960,Serious Injury
13811,Serious Injury
17727,Serious Injury
7458,Slight Injury
10344,Serious Injury
6773,Fatal Injury
11786,Fatal Injury
17697,Serious Injury
19609,Slight Injury
9372,Slight Injury
14168,Fatal Injury
19084,Slight Injury
10069,Slight Injury
14159,Slight Injury
8816,Fatal Injury
11088,Serious Injury
7621,Slight Injury
18177,Slight Injury
3473,Slight Injury
5806,Serious Injury
17419,Slight Injury
18548,Slight Injury
1172,Slight Injury
6398,Slight Injury
316,Fatal Injury
8902,Slight Injury
16120,Slight Injury
9323,Serious Injury
17682,Serious Injury
4425,Slight Injury
7398,Slight Injury
2239,Slight Injury
2322,Slight Injury
3184,Serious Injury
5620,Fatal Injury
17901,Slight Injury
7862,Serious Injury
16438,Serious Injury
6934,Slight Injury
9844,Fatal Injury
4136,Serious Injury
4861,Serious Injury
2415,Slight Injury
12517,Slight Injury
15363,Fatal Injury
2601,Slight Injury
1103,Serious Injury
14692,Fatal Injury
4782,Serious Injury
15579,Fatal Injury
14308,Fatal Injury
16880,Serious Injury
7753,Slight Injury
13202,Serious Injury
16440,Fatal Injury
3855,Serious Injury
1830,Slight Injury
1799,Slight Injury
5754,Slight Injury
6258,Slight Injury
13620,Serious Injury
11213,Fatal Injury
14516,Slight Injury
1534,Fatal Injury
14938,Slight Injury
3851,Fatal Injury
16170,Serious Injury
16801,Serious Injury
18545,Serious Injury
17565,Slight Injury
5639,Serious Injury
5838,Serious Injury
15763,Fatal Injury
7286,Serious Injury
16696,Slight Injury
11281,Slight Injury
13763,Slight Injury
8055,Serious Injury
7683,Slight Injury
18766,Serious Injury
19033,Serious Injury
675,Slight Injury
3435,Slight Injury
16698,Slight Injury
4725,Serious Injury
10703,Serious Injury
19189,Serious Injury
13061,Serious Injury
3420,Serious Injury
7238,Slight Injury
17884,Serious Injury
6335,Serious Injury
8907,Slight Injury
9595,Slight Injury
1303,Serious Injury
7568,Slight Injury
15982,Slight Injury
5321,Slight Injury
6209,Serious Injury
8863,Slight Injury
3668,Slight Injury
18499,Serious Injury
6917,Slight Injury
8757,Serious Injury
5564,Slight Injury
1505,Serious Injury
1043,Slight Injury
7327,Serious Injury
19166,Slight Injury
8201,Serious Injury
18796,Fatal Injury
8512,Serious Injury
9828,Serious Injury
12710,Serious Injury
15632,Slight Injury
4911,Slight Injury
2545,Serious Injury
4583,Serious Injury
18717,Serious Injury
12200,Serious Injury
1328,Serious Injury
16786,Slight Injury
705,Slight Injury
3974,Serious Injury
15323,Serious Injury
119,Slight Injury
2259,Slight Injury
17167,Serious Injury
11647,Serious Injury
488,Slight Injury
1204,Serious Injury
1553,Fatal Injury
980,Slight Injury
3841,Serious Injury
8101,Slight Injury
12044,Slight Injury
2571,Serious Injury
19014,Serious Injury
8311,Fatal Injury
16132,Fatal Injury
5965,Serious Injury
2525,Serious Injury
11103,Serious Injury
1818,Slight Injury
14892,Slight Injury
10789,Serious Injury
159,Serious Injury
17064,Slight Injury
6893,Serious Injury
7017,Fatal Injury
7201,Fatal Injury
737,Fatal Injury
747,Serious Injury
19260,Slight Injury
9287,Serious Injury
7811,Slight Injury
18950,Slight Injury
7468,Serious Injury
507,Slight Injury
11600,Fatal Injury
15309,Serious Injury
3870,Slight Injury
1635,Serious Injury
19621,Slight Injury
14375,Slight Injury
14775,Slight Injury
13423,Serious Injury
12601,Slight Injury
15166,Slight Injury
19009,Serious Injury
2692,Serious Injury
11529,Slight Injury
3892,Slight Injury
15361,Slight Injury
9592,Slight Injury
12373,Slight Injury
15336,Serious Injury
2040,Slight Injury
12734,Serious Injury
16972,Serious Injury
18965,Slight Injury
18425,Serious Injury
3782,Slight Injury
6217,Slight Injury
4831,Slight Injury
15348,Slight Injury
2091,Serious Injury
9959,Serious Injury
17406,Slight Injury
2748,Serious Injury
15593,Serious Injury
11156,Slight Injury
9295,Slight Injury
2769,Slight Injury
13627,Fatal Injury
2253,Serious Injury
5697,Slight Injury
66,Slight Injury
1047,Slight Injury
8428,Slight Injury
2357,Slight Injury
15376,Slight Injury
1480,Slight Injury
13505,Serious Injury
18299,Serious Injury
5782,Slight Injury
6255,Slight Injury
10347,Slight Injury
15404,Slight Injury
17608,Slight Injury
17424,Slight Injury
1021,Slight Injury
1819,Slight Injury
17192,Slight Injury
7340,Serious Injury
5866,Slight Injury
6484,Serious Injury
17938,Serious Injury
15539,Slight Injury
7282,Fatal Injury
15785,Serious Injury
4273,Serious Injury
19453,Slight Injury
6331,Serious Injury
11470,Serious Injury
17305,Slight Injury
5939,Slight Injury
13122,Serious Injury
3367,Serious Injury
18656,Serious Injury
18811,Fatal Injury
8319,Slight Injury
16847,Serious Injury
14568,Serious Injury
14947,Slight Injury
2472,Serious Injury
2134,Serious Injury
4357,Slight Injury
6940,Serious Injury
3588,Serious Injury
11935,Slight Injury
16171,Slight Injury
13707,Serious Injury
15488,Serious Injury
6313,Slight Injury
2143,Slight Injury
10012,Slight Injury
7422,Serious Injury
18719,Serious Injury
13398,Slight Injury
9660,Slight Injury
6692,Serious Injury
17681,Slight Injury
7955,Serious Injury
1518,Slight Injury
7492,Serious Injury
18893,Fatal Injury
8790,Slight Injury
19748,Serious Injury
4891,Slight Injury
11653,Serious Injury
10220,Serious Injury
10532,Slight Injury
6319,Slight Injury
11113,Slight Injury
1179,Serious Injury
4255,Slight Injury
13806,Serious Injury
11848,Serious Injury
11797,Slight Injury
2202,Serious Injury
1167,Slight Injury
19419,Serious Injury
16297,Slight Injury
9263,Fatal Injury
4946,Slight Injury
11168,Serious Injury
6214,Slight Injury
3824,Serious Injury
2795,Serious Injury
16424,Slight Injury
1513,Slight Injury
188,Serious Injury
12917,Slight Injury
5063,Serious Injury
16238,Serious Injury
11530,Slight Injury
12477,Fatal Injury
18998,Fatal Injury
13132,Slight Injury
19420,Slight Injury
7729,Serious Injury
103,Serious Injury
4585,Slight Injury
19803,Slight Injury
9385,Serious Injury
11625,Serious Injury
2095,Serious Injury
14448,Serious Injury
9309,Serious Injury
9168,Slight Injury
13497,Serious Injury
14733,Serious Injury
10765,Serious Injury
19692,Slight Injury
14057,Slight Injury
1483,Serious Injury
5488,Serious Injury
9057,Slight Injury
9175,Slight Injury
15681,Serious Injury
16546,Slight Injury
9125,Slight Injury
12584,Slight Injury
16751,Serious Injury
19079,Serious Injury
6913,Serious Injury
17065,Fatal Injury
2463,Slight Injury
971,Fatal Injury
15419,Serious Injury
14022,Serious Injury
14939,Slight Injury
6244,Slight Injury
5879,Slight Injury
15899,Slight Injury
1919,Serious Injury
19144,Fatal Injury
8074,Slight Injury
5943,Serious Injury
16994,Serious Injury
17572,Fatal Injury
10507,Serious Injury
17294,Slight Injury
16547,Slight Injury
6481,Serious Injury
11709,Serious Injury
16568,Serious Injury
10374,Fatal Injury
19723,Serious Injury
8053,Slight Injury
3094,Serious Injury
16021,Serious Injury
16006,Slight Injury
19371,Slight Injury
11115,Slight Injury
19498,Serious Injury
6887,Serious Injury
17476,Slight Injury
4218,Fatal Injury
13662,Serious Injury
1235,Serious Injury
7506,Slight Injury
9259,Slight Injury
10176,Slight Injury
18767,Fatal Injury
3232,Slight Injury
1845,Serious Injury
7036,Slight Injury
12806,Slight Injury
3639,Fatal Injury
9453,Serious Injury
15898,Serious Injury
13473,Slight Injury
14811,Serious Injury
10114,Serious Injury
14695,Slight Injury
15752,Slight Injury
17267,Serious Injury
15690,Serious Injury
4148,Slight Injury
15098,Serious Injury
11865,Serious Injury
7968,Fatal Injury
7748,Slight Injury
14266,Slight Injury
8096,Slight Injury
6651,Fatal Injury
12667,Serious Injury
15208,Serious Injury
7541,Slight Injury
1952,Slight Injury
15589,Serious Injury
5186,Serious Injury
5147,Serious Injury
18949,Slight Injury
14163,Fatal Injury
12256,Serious Injury
15834,Slight Injury
14643,Serious Injury
18233,Serious Injury
1861,Fatal Injury
3376,Serious Injury
2345,Serious Injury
17995,Serious Injury
8812,Serious Injury
14080,Serious Injury
12399,Fatal Injury
6892,Slight Injury
15258,Serious Injury
7996,Serious Injury
7733,Slight Injury
4674,Slight Injury
8541,Slight Injury
5192,Serious Injury
16897,Slight Injury
12265,Serious Injury
4747,Serious Injury
1482,Slight Injury
13740,Slight Injury
12846,Slight Injury
3448,Serious Injury
18346,Slight Injury
10707,Serious Injury
2294,Fatal Injury
1995,Serious Injury
5873,Slight Injury
4123,Slight Injury
19951,Slight Injury
1427,Serious Injury
4937,Serious Injury
11271,Slight Injury
18631,Serious Injury
12669,Fatal Injury
5891,Slight Injury
13073,Serious Injury
12429,Slight Injury
11570,Slight Injury
15601,Serious Injury
4067,Slight Injury
15433,Slight Injury
9284,Slight Injury
14444,Serious Injury
17609,Serious Injury
2709,Serious Injury
15119,Serious Injury
14958,Serious Injury
18822,Serious Injury
7732,Slight Injury
14004,Slight Injury
7457,Serious Injury
1187,Serious Injury
16230,Serious Injury
13717,Serious Injury
15816,Serious Injury
5232,Serious Injury
19599,Serious Injury
8755,Slight Injury
15928,Fatal Injury
19967,Slight Injury
17103,Slight Injury
5689,Slight Injury
18308,Serious Injury
8026,Serious Injury
15799,Slight Injury
13240,Slight Injury
12363,Slight Injury
8580,Serious Injury
4584,Serious Injury
12113,Fatal Injury
9832,Slight Injury
2838,Slight Injury
7975,Slight Injury
1811,Slight Injury
12696,Slight Injury
17416,Slight Injury
14347,Fatal Injury
10650,Serious Injury
2783,Slight Injury
495,Slight Injury
7514,Serious Injury
2162,Serious Injury
4001,Slight Injury
2377,Slight Injury
836,Slight Injury
2021,Slight Injury
16205,Slight Injury
12678,Fatal Injury
16282,Slight Injury
18613,Serious Injury
16640,Serious Injury
15236,Slight Injury
8832,Slight Injury
15373,Serious Injury
15534,Serious Injury
16389,Slight Injury
18544,Slight Injury
2500,Serious Injury
14699,Serious Injury
6607,Serious Injury
8793,Slight Injury
14137,Slight Injury
10555,Serious Injury
18621,Fatal Injury
13888,Serious Injury
7991,Serious Injury
7132,Serious Injury
15099,Serious Injury
19268,Slight Injury
5539,Serious Injury
17113,Serious Injury
6988,Fatal Injury
13742,Slight Injury
16348,Serious Injury
15341,Slight Injury
8865,Slight Injury
18274,Slight Injury
8968,Slight Injury
14365,Fatal Injury
9549,Slight Injury
13212,Slight Injury
3569,Slight Injury
8691,Serious Injury
1599,Serious Injury
14724,Serious Injury
9073,Slight Injury
8078,Slight Injury
19062,Serious Injury
13426,Slight Injury
6785,Slight Injury
7580,Slight Injury
12342,Slight Injury
6686,Serious Injury
5984,Serious Injury
1495,Slight Injury
18442,Slight Injury
16190,Serious Injury
18516,Slight Injury
1958,Serious Injury
10757,Slight Injury
3243,Serious Injury
15299,Serious Injury
10894,Serious Injury
7803,Slight Injury
19846,Serious Injury
15794,Slight Injury
2489,Slight Injury
6201,Serious Injury
335,Serious Injury
6455,Serious Injury
799,Slight Injury
17025,Slight Injury
17302,Slight Injury
1247,Fatal Injury
11323,Slight Injury
17542,Serious Injury
37,Fatal Injury
5858,Slight Injury
14507,Fatal Injury
7311,Slight Injury
8282,Serious Injury
16310,Slight Injury
18410,Slight Injury
13112,Slight Injury
10369,Fatal Injury
6045,Slight Injury
12739,Serious Injury
14648,Slight Injury
1129,Slight Injury
11284,Serious Injury
10196,Serious Injury
18691,Slight Injury
14919,Slight Injury
9687,Slight Injury
11217,Fatal Injury
17959,Slight Injury
19090,Fatal Injury
13599,Slight Injury
5430,Slight Injury
4414,Serious Injury
14514,Slight Injury
14127,Serious Injury
6353,Slight Injury
4657,Serious Injury
19897,Serious Injury
3161,Slight Injury
15438,Serious Injury
5237,Serious Injury
17841,Serious Injury
7378,Serious Injury
5374,Serious Injury
6164,Slight Injury
9949,Slight Injury
10998,Slight Injury
6511,Serious Injury
3081,Slight Injury
8683,Slight Injury
583,Serious Injury
2930,Serious Injury
18750,Serious Injury
17667,Slight Injury
879,Serious Injury
7944,Serious Injury
7810,Slight Injury
16892,Slight Injury
18428,Serious Injury
5453,Fatal Injury
17484,Slight Injury
1223,Serious Injury
8884,Serious Injury
14379,Slight Injury
6309,Slight Injury
10139,Serious Injury
19162,Serious Injury
19882,Fatal Injury
7761,Serious Injury
18561,Fatal Injury
7353,Serious Injury
577,Slight Injury
547,Fatal Injury
4691,Serious Injury
15677,Slight Injury
7221,Slight Injury
12438,Slight Injury
6354,Serious Injury
13367,Serious Injury
12756,Slight Injury
7060,Slight Injury
6488,Serious Injury
2641,Serious Injury
14107,Fatal Injury
6048,Slight Injury
2749,Serious Injury
17372,Serious Injury
235,Slight Injury
9465,Serious Injury
16253,Serious Injury
17820,Serious Injury
11158,Slight Injury
10661,Slight Injury
16108,Serious Injury
4348,Fatal Injury
7212,Slight Injury
1585,Slight Injury
8391,Slight Injury
16544,Slight Injury
2220,Serious Injury
14951,Serious Injury
2107,Slight Injury
10332,Slight Injury
5465,Slight Injury
17888,Serious Injury
4816,Slight Injury
4027,Serious Injury
13338,Fatal Injury
12671,Serious Injury
2248,Serious Injury
3042,Slight Injury
18332,Fatal Injury
11266,Slight Injury
10855,Serious Injury
11589,Serious Injury
3373,Fatal Injury
9342,Serious Injury
6418,Slight Injury
9551,Serious Injury
16901,Serious Injury
9296,Serious Injury
10033,Serious Injury
13504,Serious Injury
14412,Serious Injury
8828,Slight Injury
9029,Slight Injury
7796,Slight Injury
10812,Fatal Injury
16794,Slight Injury
8220,Slight Injury
18747,Serious Injury
5107,Serious Injury
12308,Slight Injury
9290,Serious Injury
10296,Fatal Injury
15514,Serious Injury
12549,Slight Injury
5461,Serious Injury
10260,Serious Injury
12334,Slight Injury
6847,Serious Injury
1785,Fatal Injury
18888,Slight Injury
6609,Slight Injury
9467,Serious Injury
11336,Slight Injury
16898,Serious Injury
17397,Serious Injury
17138,Serious Injury
1239,Slight Injury
6270,Fatal Injury
15959,Serious Injury
496,Serious Injury
16256,Fatal Injury
2087,Serious Injury
8163,Slight Injury
4330,Serious Injury
4707,Serious Injury
16284,Serious Injury
1520,Serious Injury
10601,Fatal Injury
14715,Slight Injury
16791,Slight Injury
12980,Slight Injury
5518,Serious Injury
3240,Serious Injury
13623,Serious Injury
7529,Serious Injury
4825,Slight Injury
4602,Serious Injury
424,Slight Injury
17662,Slight Injury
13804,Serious Injury
7739,Serious Injury
3249,Fatal Injury
15275,Serious Injury
1290,Slight Injury
16208,Serious Injury
1457,Slight Injury
5931,Serious Injury
11440,Serious Injury
19000,Slight Injury
2527,Fatal Injury
7521,Serious Injury
12706,Fatal Injury
15154,Fatal Injury
13722,Slight Injury
19584,Serious Injury
6321,Serious Injury
16736,Serious Injury
7606,Slight Injury
2590,Slight Injury
8317,Slight Injury
1878,Slight Injury
18531,Serious Injury
12651,Serious Injury
5070,Slight Injury
9706,Serious Injury
1035,Serious Injury
15598,Slight Injury
9174,Serious Injury
1271,Slight Injury
17220,Serious Injury
11879,Slight Injury
19192,Slight Injury
13927,Serious Injury
17319,Slight Injury
3444,Serious Injury
2306,Fatal Injury
6186,Slight Injury
5127,Slight Injury
8952,Slight Injury
12819,Fatal Injury
19889,Slight Injury
12823,Fatal Injury
1017,Serious Injury
9953,Serious Injury
19932,Serious Injury
19551,Serious Injury
8598,Serious Injury
3273,Slight Injury
3460,Serious Injury
5233,Slight Injury
6908,Slight Injury
11826,Slight Injury
5048,Slight Injury
12192,Fatal Injury
17763,Slight Injury
8831,Serious Injury
10823,Serious Injury
10007,Serious Injury
18391,Slight Injury
154,Serious Injury
5933,Serious Injury
13635,Slight Injury
12176,Serious Injury
19017,Slight Injury
19274,Slight Injury
18742,Serious Injury
2948,Slight Injury
9865,Serious Injury
1781,Slight Injury
12462,Serious Injury
16091,Serious Injury
7705,Slight Injury
7085,Serious Injury
15220,Serious Injury
7240,Slight Injury
622,Slight Injury
5441,Serious Injury
2397,Serious Injury
2509,Slight Injury
15244,Serious Injury
16629,Serious Injury
5288,Slight Injury
6665,Slight Injury
5495,Slight Injury
17575,Slight Injury
10254,Serious Injury
9610,Serious Injury
6817,Slight Injury
4558,Slight Injury
12821,Slight Injury
11746,Serious Injury
18805,Serious Injury
13003,Serious Injury
10932,Serious Injury
10371,Serious Injury
13608,Serious Injury
7358,Slight Injury
6409,Slight Injury
15256,Serious Injury
4914,Serious Injury
8065,Serious Injury
18074,Serious Injury
15152,Slight Injury
17231,Slight Injury
18173,Slight Injury
13895,Serious Injury
16919,Slight Injury
17704,Fatal Injury
11164,Serious Injury
4168,Fatal Injury
4115,Fatal Injury
8160,Slight Injury
5437,Fatal Injury
17809,Slight Injury
14783,Serious Injury
10883,Slight Injury
5319,Slight Injury
1748,Slight Injury
2952,Slight Injury
9678,Serious Injury
4832,Serious Injury
13766,Serious Injury
16625,Slight Injury
280,Serious Injury
798,Serious Injury
4391,Fatal Injury
18596,Serious Injury
15808,Slight Injury
1741,Serious Injury
18291,Serious Injury
13583,Serious Injury
19019,Fatal Injury
5849,Serious Injury
6503,Fatal Injury
13176,Slight Injury
15821,Slight Injury
3970,Slight Injury
16605,Serious Injury
10939,Serious Injury
18619,Slight Injury
10535,Slight Injury
1479,Slight Injury
15319,Serious Injury
13164,Slight Injury
9128,Slight Injury
3125,Serious Injury
13989,Serious Injury
12536,Slight Injury
719,Slight Injury
8432,Serious Injury
14315,Serious Injury
124,Slight Injury
6859,Slight Injury
16554,Slight Injury
11274,Serious Injury
4804,Slight Injury
18295,Serious Injury
822,Slight Injury
16642,Fatal Injury
8771,Slight Injury
11128,Slight Injury
1310,Fatal Injury
11224,Serious Injury
17877,Slight Injury
4847,Serious Injury
7145,Fatal Injury
3577,Serious Injury
9999,Serious Injury
7070,Serious Injury
14560,Slight Injury
10439,Serious Injury
18372,Slight Injury
3635,Slight Injury
7838,Slight Injury
12223,Serious Injury
10715,Serious Injury
2663,Slight Injury
9657,Serious Injury
11855,Slight Injury
17111,Serious Injury
8379,Serious Injury
3828,Slight Injury
9150,Slight Injury
11435,Slight Injury
13060,Serious Injury
223,Slight Injury
5116,Slight Injury
8516,Slight Injury
17044,Slight Injury
9014,Serious Injury
5198,Fatal Injury
5027,Serious Injury
15736,Slight Injury
13382,Slight Injury
6349,Slight Injury
13699,Serious Injury
6588,Slight Injury
6156,Serious Injury
11364,Serious Injury
18196,Serious Injury
15355,Slight Injury
7126,Fatal Injury
2813,Fatal Injury
10259,Serious Injury
17969,Slight Injury
15695,Serious Injury
6878,Slight Injury
8344,Serious Injury
467,Serious Injury
18603,Slight Injury
7511,Serious Injury
19531,Slight Injury
6317,Fatal Injury
14959,Slight Injury
1338,Slight Injury
8663,Slight Injury
5472,Slight Injury
8886,Serious Injury
16638,Serious Injury
6193,Slight Injury
17524,Fatal Injury
14014,Fatal Injury
15600,Slight Injury
19147,Serious Injury
18816,Serious Injury
15043,Serious Injury
19762,Slight Injury
3908,Slight Injury
7219,Serious Injury
7338,Serious Injury
4684,Slight Injury
19072,Slight Injury
7976,Serious Injury
2491,Serious Injury
11420,Slight Injury
4532,Slight Injury
10598,Serious Injury
14965,Slight Injury
5411,Serious Injury
7272,Serious Injury
2164,Slight Injury
11690,Slight Injury
3064,Serious Injury
10620,Slight Injury
5485,Serious Injury
7302,Serious Injury
9044,Serious Injury
16144,Serious Injury
8554,Slight Injury
1956,Serious Injury
15667,Serious Injury
15379,Slight Injury
13314,Fatal Injury
13005,Serious Injury
14155,Slight Injury
13431,Slight Injury
2238,Fatal Injury
6730,Serious Injury
7519,Slight Injury
5366,Slight Injury
13551,Fatal Injury
11615,Fatal Injury
16641,Serious Injury
10053,Serious Injury
18927,Serious Injury
1126,Slight Injury
6529,Serious Injury
1872,Slight Injury
9255,Serious Injury
8548,Serious Injury
8728,Serious Injury
5473,Serious Injury
18794,Fatal Injury
7641,Serious Injury
1358,Slight Injury
6298,Slight Injury
13682,Serious Injury
10341,Serious Injury
12810,Slight Injury
10512,Slight Injury
2090,Serious Injury
18460,Slight Injury
6675,Slight Injury
19836,Serious Injury
632,Fatal Injury
17678,Slight Injury
2280,Slight Injury
5924,Serious Injury
6605,Serious Injury
12418,Slight Injury
12301,Serious Injury
17561,Serious Injury
5511,Serious Injury
10844,Fatal Injury
9581,Slight Injury
1835,Serious Injury
14909,Slight Injury
12570,Serious Injury
14250,Slight Injury
18098,Slight Injury
1994,Slight Injury
16695,Serious Injury
44,Serious Injury
452,Fatal Injury
17793,Fatal Injury
13610,Serious Injury
17889,Serious Injury
19704,Slight Injury
1205,Fatal Injury
12804,Slight Injury
1603,Serious Injury
11568,Slight Injury
16893,Slight Injury
6876,Slight Injury
2085,Serious Injury
4664,Slight Injury
4012,Serious Injury
2111,Slight Injury
10124,Fatal Injury
16931,Fatal Injury
14652,Serious Injury
8714,Slight Injury
1324,Serious Injury
8852,Slight Injury
13981,Serious Injury
8783,Serious Injury
19924,Slight Injury
6165,Serious Injury
17046,Slight Injury
15833,Serious Injury
2424,Serious Injury
17268,Slight Injury
19448,Slight Injury
8436,Serious Injury
4263,Serious Injury
2177,Serious Injury
15699,Serious Injury
16382,Slight Injury
12963,Slight Injury
17251,Slight Injury
19323,Slight Injury
8173,Slight Injury
5821,Slight Injury
7041,Slight Injury
6756,Serious Injury
17452,Slight Injury
7150,Fatal Injury
12831,Serious Injury
4883,Slight Injury
7989,Slight Injury
1820,Slight Injury
3522,Slight Injury
19783,Serious Injury
9322,Fatal Injury
19283,Serious Injury
10633,Slight Injury
15074,Serious Injury
7613,Slight Injury
3733,Serious Injury
5708,Serious Injury
14245,Serious Injury
12454,Slight Injury
13105,Serious Injury
1658,Slight Injury
6793,Slight Injury
1333,Slight Injury
5881,Slight Injury
12971,Serious Injury
7144,Slight Injury
13007,Serious Injury
18381,Serious Injury
4309,Serious Injury
16268,Slight Injury
3833,Slight Injury
3263,Slight Injury
14043,Fatal Injury
18063,Serious Injury
15577,Slight Injury
19142,Serious Injury
12251,Slight Injury
18899,Slight Injury
17088,Slight Injury
11121,Slight Injury
9861,Slight Injury
14548,Serious Injury
8781,Slight Injury
